<?xml version="1.0" encoding="utf-8"?>
<extension type="component" version="3.1" method="upgrade">
	<name>COM_USERIDEAS</name>
	<author>Todor Iliev</author>
	<authorEmail>todor@itprism.com</authorEmail>
	<authorUrl>http://itprism.com</authorUrl>
	<copyright>Copyright (C) 2010 Todor Iliev ( ITPrism.com )</copyright>
	<license>http://www.gnu.org/copyleft/gpl.html</license>
	<version>1.0</version>
	<creationDate>May, 2013</creationDate>
	<description>COM_USERIDEAS_DESCRIPTION</description>

	<install>
        <sql>
            <file driver="mysql" charset="utf8">sql/install.sql</file>
        </sql>
    </install>

    <uninstall>
        <sql>
            <file driver="mysql" charset="utf8">sql/uninstall.sql</file>
        </sql>
    </uninstall>
	
	<update> 
		<schemas>
				<schemapath type="mysql">sql/updates</schemapath>
		</schemas>
	</update>
	
	<media destination="com_userideas" folder="media">
		<filename>index.html</filename>
		<folder>css</folder>	
		<folder>images</folder>
		<folder>js</folder>		
	</media>
	
	<!-- Site Main File Copy Section -->
	<files folder="site">
	    <folder>controllers</folder>
	    <folder>helpers</folder>
        <folder>models</folder>
        <folder>views</folder>
		<filename>controller.php</filename>
		<filename>userideas.php</filename>
		<filename>index.html</filename>
		<filename>router.php</filename>
	</files>

	<languages folder="site">
		<language tag="en-GB">language/en-GB/en-GB.com_userideas.ini</language>
	</languages>
	
	<administration>
		<menu link="option=com_userideas" img="../media/com_itpdonate/images/menu_userideas.png">COM_USERIDEAS</menu>
	
		<files folder="admin">		    		
			<folder>controllers</folder>
			<folder>helpers</folder>
			<folder>libraries</folder>
			<folder>models</folder>
			<folder>sql</folder>
			<folder>tables</folder>
			<folder>views</folder>		
			<filename>controller.php</filename>
			<filename>index.html</filename>
			<filename>config.xml</filename>
			<filename>access.xml</filename>  
			<filename>userideas.php</filename>
		</files>
		
		<languages folder="admin">
			<language tag="en-GB">language/en-GB/en-GB.com_userideas.ini</language>
			<language tag="en-GB">language/en-GB/en-GB.com_userideas.sys.ini</language>
		</languages>
			
	</administration>
</extension>