<?xml version="1.0" encoding="UTF-8" ?>
<extension type="library" version="3.1" method="upgrade">
	<name>User Ideas Library</name>
	<libraryname>userideas</libraryname>
	<author>Todor Iliev</author>
	<authorEmail>todor@itprism.com</authorEmail>
    <authorUrl>http://itprism.com</authorUrl>
	<copyright>Copyright (C) 2010 Todor Iliev ( ITPrism.com ). All rights reserved.</copyright>
	<license>http://www.gnu.org/copyleft/gpl.html GNU/GPL</license>
	<packager>ITPrism</packager>
	<packagerurl>http://itprism.com</packagerurl>
	<version>1.0</version>
	<creationDate>19 May, 2013</creationDate>
	<description>User Ideas Library</description>
	<files folder="files">
		<file>index.html</file>
		<file>init.php</file>
		<file>item.php</file>
		<file>version.php</file>
		<file>vote.php</file>
	</files>
</extension>
