<?xml version="1.0" encoding="utf-8"?>
<extension version="3.1" type="plugin" group="system" method="upgrade">
    <name>PLG_SYSTEM_USERIDEASVOTE</name>
    <author>Todor Iliev</author>
    <copyright>Copyright (C) 2010 Todor Iliev ( ITPrism.com ). All rights reserved.</copyright>
    <license>http://www.gnu.org/copyleft/gpl.html GNU/GPL</license>
    <authorEmail>todor@itprism.com</authorEmail>
    <authorUrl>http://itprism.com</authorUrl>
    <version>1.0</version>
    <creationDate>19 May, 2013</creationDate>
	<description>PLG_SYSTEM_USERIDEASVOTE_DESC</description>
	
	<languages folder="language">
        <language tag="en-GB">en-GB/en-GB.plg_system_userideasvote.ini</language>
        <language tag="en-GB">en-GB/en-GB.plg_system_userideasvote.sys.ini</language>
    </languages> 
	
	<files>
		<filename plugin="userideasvote">userideasvote.php</filename>
		<filename>index.html</filename>
		<filename>votebutton.js</filename>
	</files>
	
	<help url="PLG_SYSTEM_USERIDEASVOTE_HELP_URL" />
		
</extension>
